Event Index,UTC Timestamp,UTC Date and Time,Local Timestamp,Local Timezone,Local Date and Time,Experiment ID,Experiment Version,Tree Node Key,Repeat Key,Schedule ID,Participant Public ID,Participant Private ID,Participant Starting Group,Participant Status,Participant Completion Code,Participant External Session ID,Participant Device Type,Participant Device,Participant OS,Participant Browser,Participant Monitor Size,Participant Viewport Size,Checkpoint,Room ID,Room Order,Task Name,Task Version,randomiser-9dvt,branch-ovqe,Page,Page ID,Page Counter,Question,Response Type,Key,Response,Context,Tag,OptionOrder,Object Name,Object Number,Object ID,Store: consent
1,1784125417776,15/07/2026 14:23:37,1784125417776,2,15/07/2026 16:23:37,273725,7,questionnaire-2hmd,,57224258,BLINDED,16357977,,complete,,,mobile,Apple iPhone,iOS 18.6.2,Mobile Safari 18.6,390x844,390x664,,,0,Kwestionariusz poczatkowy,11,AndWith,continue,,,,,info,,BEGIN,,,,,,,
5,1784125436863,15/07/2026 14:23:56,1784125436863,2,15/07/2026 16:23:56,273725,7,questionnaire-2hmd,,57224258,BLINDED,16357977,,complete,,,mobile,Apple iPhone,iOS 18.6.2,Mobile Safari 18.6,390x844,390x664,,,0,Kwestionariusz poczatkowy,11,AndWith,continue,Page 1,1cnehp,1,**Czy masz ukończone 18 lat i wyrażasz zgodę na udział w badaniu?**,response,value,TAK,,,TAK|NIE,consent,2,object-5,TAK
6,1784125436863,15/07/2026 14:23:56,1784125436863,2,15/07/2026 16:23:56,273725,7,questionnaire-2hmd,,57224258,BLINDED,16357977,,complete,,,mobile,Apple iPhone,iOS 18.6.2,Mobile Safari 18.6,390x844,390x664,,,0,Kwestionariusz poczatkowy,11,AndWith,continue,Page 1,1cnehp,1,**Czy masz ukończone 18 lat i wyrażasz zgodę na udział w badaniu?**,response,quantised,1,,,TAK|NIE,consent,2,object-5,TAK
7,1784125436863,15/07/2026 14:23:56,1784125436863,2,15/07/2026 16:23:56,273725,7,questionnaire-2hmd,,57224258,BLINDED,16357977,,complete,,,mobile,Apple iPhone,iOS 18.6.2,Mobile Safari 18.6,390x844,390x664,,,0,Kwestionariusz poczatkowy,11,AndWith,continue,,,,,info,,END,,19067,,,,,
1,1784154345597,15/07/2026 22:25:45,1784154345597,2,16/07/2026 00:25:45,273725,7,questionnaire-2hmd,,57237646,BLINDED,16361802,,complete,,,mobile,Apple iPhone,iOS 18.7,Facebook 568.1.0.22.103,375x667,375x533,,,0,Kwestionariusz poczatkowy,11,CondLack,continue,,,,,info,,BEGIN,,,,,,,
5,1784154347979,15/07/2026 22:25:47,1784154347979,2,16/07/2026 00:25:47,273725,7,questionnaire-2hmd,,57237646,BLINDED,16361802,,complete,,,mobile,Apple iPhone,iOS 18.7,Facebook 568.1.0.22.103,375x667,375x533,,,0,Kwestionariusz poczatkowy,11,CondLack,continue,Page 1,1cnehp,1,**Czy masz ukończone 18 lat i wyrażasz zgodę na udział w badaniu?**,response,value,TAK,,,TAK|NIE,consent,2,object-5,TAK
6,1784154347979,15/07/2026 22:25:47,1784154347979,2,16/07/2026 00:25:47,273725,7,questionnaire-2hmd,,57237646,BLINDED,16361802,,complete,,,mobile,Apple iPhone,iOS 18.7,Facebook 568.1.0.22.103,375x667,375x533,,,0,Kwestionariusz poczatkowy,11,CondLack,continue,Page 1,1cnehp,1,**Czy masz ukończone 18 lat i wyrażasz zgodę na udział w badaniu?**,response,quantised,1,,,TAK|NIE,consent,2,object-5,TAK
7,1784154347980,15/07/2026 22:25:47,1784154347980,2,16/07/2026 00:25:47,273725,7,questionnaire-2hmd,,57237646,BLINDED,16361802,,complete,,,mobile,Apple iPhone,iOS 18.7,Facebook 568.1.0.22.103,375x667,375x533,,,0,Kwestionariusz poczatkowy,11,CondLack,continue,,,,,info,,END,,2351,,,,,
1,1784200180503,16/07/2026 11:09:40,1784200180503,2,16/07/2026 13:09:40,273725,7,questionnaire-2hmd,,57245765,BLINDED,16363833,,complete,,,mobile,Xiaomi 2312DRAABG,Android 14,Facebook 569.0.0.44.91,393x873,392x743,,,0,Kwestionariusz poczatkowy,11,AndWith,continue,,,,,info,,BEGIN,,,,,,,
5,1784200184115,16/07/2026 11:09:44,1784200184115,2,16/07/2026 13:09:44,273725,7,questionnaire-2hmd,,57245765,BLINDED,16363833,,complete,,,mobile,Xiaomi 2312DRAABG,Android 14,Facebook 569.0.0.44.91,393x873,392x743,,,0,Kwestionariusz poczatkowy,11,AndWith,continue,Page 1,1cnehp,1,**Czy masz ukończone 18 lat i wyrażasz zgodę na udział w badaniu?**,response,value,TAK,,,TAK|NIE,consent,2,object-5,TAK
6,1784200184116,16/07/2026 11:09:44,1784200184116,2,16/07/2026 13:09:44,273725,7,questionnaire-2hmd,,57245765,BLINDED,16363833,,complete,,,mobile,Xiaomi 2312DRAABG,Android 14,Facebook 569.0.0.44.91,393x873,392x743,,,0,Kwestionariusz poczatkowy,11,AndWith,continue,Page 1,1cnehp,1,**Czy masz ukończone 18 lat i wyrażasz zgodę na udział w badaniu?**,response,quantised,1,,,TAK|NIE,consent,2,object-5,TAK
7,1784200184117,16/07/2026 11:09:44,1784200184117,2,16/07/2026 13:09:44,273725,7,questionnaire-2hmd,,57245765,BLINDED,16363833,,complete,,,mobile,Xiaomi 2312DRAABG,Android 14,Facebook 569.0.0.44.91,393x873,392x743,,,0,Kwestionariusz poczatkowy,11,AndWith,continue,,,,,info,,END,,3540,,,,,
1,1784203812803,16/07/2026 12:10:12,1784203812803,2,16/07/2026 14:10:12,273725,7,questionnaire-2hmd,,57247272,BLINDED,16364258,,complete,,,computer,Desktop or Laptop,Mac OS 10.15.7,Safari 17.2.1,1440x900,1061x718,,,0,Kwestionariusz poczatkowy,11,CondWith,continue,,,,,info,,BEGIN,,,,,,,
5,1784203823934,16/07/2026 12:10:23,1784203823934,2,16/07/2026 14:10:23,273725,7,questionnaire-2hmd,,57247272,BLINDED,16364258,,complete,,,computer,Desktop or Laptop,Mac OS 10.15.7,Safari 17.2.1,1440x900,1061x718,,,0,Kwestionariusz poczatkowy,11,CondWith,continue,Page 1,1cnehp,1,**Czy masz ukończone 18 lat i wyrażasz zgodę na udział w badaniu?**,response,value,TAK,,,TAK|NIE,consent,2,object-5,TAK
6,1784203823934,16/07/2026 12:10:23,1784203823934,2,16/07/2026 14:10:23,273725,7,questionnaire-2hmd,,57247272,BLINDED,16364258,,complete,,,computer,Desktop or Laptop,Mac OS 10.15.7,Safari 17.2.1,1440x900,1061x718,,,0,Kwestionariusz poczatkowy,11,CondWith,continue,Page 1,1cnehp,1,**Czy masz ukończone 18 lat i wyrażasz zgodę na udział w badaniu?**,response,quantised,1,,,TAK|NIE,consent,2,object-5,TAK
7,1784203823934,16/07/2026 12:10:23,1784203823934,2,16/07/2026 14:10:23,273725,7,questionnaire-2hmd,,57247272,BLINDED,16364258,,complete,,,computer,Desktop or Laptop,Mac OS 10.15.7,Safari 17.2.1,1440x900,1061x718,,,0,Kwestionariusz poczatkowy,11,CondWith,continue,,,,,info,,END,,11105,,,,,
1,1784207586964,16/07/2026 13:13:06,1784207586964,2,16/07/2026 15:13:06,273725,7,questionnaire-2hmd,,57249103,BLINDED,16364752,,complete,,,mobile,Apple iPhone,iOS 18.7,Facebook 569.0.0.16.107,428x926,428x742,,,0,Kwestionariusz poczatkowy,11,CondLack,continue,,,,,info,,BEGIN,,,,,,,
5,1784207591493,16/07/2026 13:13:11,1784207591493,2,16/07/2026 15:13:11,273725,7,questionnaire-2hmd,,57249103,BLINDED,16364752,,complete,,,mobile,Apple iPhone,iOS 18.7,Facebook 569.0.0.16.107,428x926,428x742,,,0,Kwestionariusz poczatkowy,11,CondLack,continue,Page 1,1cnehp,1,**Czy masz ukończone 18 lat i wyrażasz zgodę na udział w badaniu?**,response,value,TAK,,,TAK|NIE,consent,2,object-5,TAK
6,1784207591493,16/07/2026 13:13:11,1784207591493,2,16/07/2026 15:13:11,273725,7,questionnaire-2hmd,,57249103,BLINDED,16364752,,complete,,,mobile,Apple iPhone,iOS 18.7,Facebook 569.0.0.16.107,428x926,428x742,,,0,Kwestionariusz poczatkowy,11,CondLack,continue,Page 1,1cnehp,1,**Czy masz ukończone 18 lat i wyrażasz zgodę na udział w badaniu?**,response,quantised,1,,,TAK|NIE,consent,2,object-5,TAK
7,1784207591493,16/07/2026 13:13:11,1784207591493,2,16/07/2026 15:13:11,273725,7,questionnaire-2hmd,,57249103,BLINDED,16364752,,complete,,,mobile,Apple iPhone,iOS 18.7,Facebook 569.0.0.16.107,428x926,428x742,,,0,Kwestionariusz poczatkowy,11,CondLack,continue,,,,,info,,END,,4494,,,,,
1,1784208653025,16/07/2026 13:30:53,1784208653025,2,16/07/2026 15:30:53,273725,7,questionnaire-2hmd,,57249565,BLINDED,16364903,,complete,,,mobile,Apple iPhone,iOS 18.7,Facebook 570.0.0.20.108,402x874,402x673,,,0,Kwestionariusz poczatkowy,11,AndWith,continue,,,,,info,,BEGIN,,,,,,,
5,1784208666118,16/07/2026 13:31:06,1784208666118,2,16/07/2026 15:31:06,273725,7,questionnaire-2hmd,,57249565,BLINDED,16364903,,complete,,,mobile,Apple iPhone,iOS 18.7,Facebook 570.0.0.20.108,402x874,402x673,,,0,Kwestionariusz poczatkowy,11,AndWith,continue,Page 1,1cnehp,1,**Czy masz ukończone 18 lat i wyrażasz zgodę na udział w badaniu?**,response,value,TAK,,,TAK|NIE,consent,2,object-5,TAK
6,1784208666119,16/07/2026 13:31:06,1784208666119,2,16/07/2026 15:31:06,273725,7,questionnaire-2hmd,,57249565,BLINDED,16364903,,complete,,,mobile,Apple iPhone,iOS 18.7,Facebook 570.0.0.20.108,402x874,402x673,,,0,Kwestionariusz poczatkowy,11,AndWith,continue,Page 1,1cnehp,1,**Czy masz ukończone 18 lat i wyrażasz zgodę na udział w badaniu?**,response,quantised,1,,,TAK|NIE,consent,2,object-5,TAK
7,1784208666119,16/07/2026 13:31:06,1784208666119,2,16/07/2026 15:31:06,273725,7,questionnaire-2hmd,,57249565,BLINDED,16364903,,complete,,,mobile,Apple iPhone,iOS 18.7,Facebook 570.0.0.20.108,402x874,402x673,,,0,Kwestionariusz poczatkowy,11,AndWith,continue,,,,,info,,END,,13065,,,,,
1,1784217006306,16/07/2026 15:50:06,1784217006306,2,16/07/2026 17:50:06,273725,7,questionnaire-2hmd,,57255185,BLINDED,16366342,,complete,,,mobile,Apple iPhone,iOS 18.7,Facebook 570.0.0.20.108,390x844,390x659,,,0,Kwestionariusz poczatkowy,11,AndLack,continue,,,,,info,,BEGIN,,,,,,,
5,1784217033248,16/07/2026 15:50:33,1784217033248,2,16/07/2026 17:50:33,273725,7,questionnaire-2hmd,,57255185,BLINDED,16366342,,complete,,,mobile,Apple iPhone,iOS 18.7,Facebook 570.0.0.20.108,390x844,390x659,,,0,Kwestionariusz poczatkowy,11,AndLack,continue,Page 1,1cnehp,1,**Czy masz ukończone 18 lat i wyrażasz zgodę na udział w badaniu?**,response,value,TAK,,,TAK|NIE,consent,2,object-5,TAK
6,1784217033249,16/07/2026 15:50:33,1784217033249,2,16/07/2026 17:50:33,273725,7,questionnaire-2hmd,,57255185,BLINDED,16366342,,complete,,,mobile,Apple iPhone,iOS 18.7,Facebook 570.0.0.20.108,390x844,390x659,,,0,Kwestionariusz poczatkowy,11,AndLack,continue,Page 1,1cnehp,1,**Czy masz ukończone 18 lat i wyrażasz zgodę na udział w badaniu?**,response,quantised,1,,,TAK|NIE,consent,2,object-5,TAK
7,1784217033249,16/07/2026 15:50:33,1784217033249,2,16/07/2026 17:50:33,273725,7,questionnaire-2hmd,,57255185,BLINDED,16366342,,complete,,,mobile,Apple iPhone,iOS 18.7,Facebook 570.0.0.20.108,390x844,390x659,,,0,Kwestionariusz poczatkowy,11,AndLack,continue,,,,,info,,END,,26908,,,,,
1,1784218211854,16/07/2026 16:10:11,1784218211854,2,16/07/2026 18:10:11,273725,7,questionnaire-2hmd,,57255783,BLINDED,16366581,,complete,,,mobile,Xiaomi 2312DRAABG,Android 14,Facebook 569.0.0.44.91,393x873,392x743,,,0,Kwestionariusz poczatkowy,11,CondWith,continue,,,,,info,,BEGIN,,,,,,,
5,1784218219005,16/07/2026 16:10:19,1784218219005,2,16/07/2026 18:10:19,273725,7,questionnaire-2hmd,,57255783,BLINDED,16366581,,complete,,,mobile,Xiaomi 2312DRAABG,Android 14,Facebook 569.0.0.44.91,393x873,392x743,,,0,Kwestionariusz poczatkowy,11,CondWith,continue,Page 1,1cnehp,1,**Czy masz ukończone 18 lat i wyrażasz zgodę na udział w badaniu?**,response,value,TAK,,,TAK|NIE,consent,2,object-5,TAK
6,1784218219005,16/07/2026 16:10:19,1784218219005,2,16/07/2026 18:10:19,273725,7,questionnaire-2hmd,,57255783,BLINDED,16366581,,complete,,,mobile,Xiaomi 2312DRAABG,Android 14,Facebook 569.0.0.44.91,393x873,392x743,,,0,Kwestionariusz poczatkowy,11,CondWith,continue,Page 1,1cnehp,1,**Czy masz ukończone 18 lat i wyrażasz zgodę na udział w badaniu?**,response,quantised,1,,,TAK|NIE,consent,2,object-5,TAK
7,1784218219007,16/07/2026 16:10:19,1784218219007,2,16/07/2026 18:10:19,273725,7,questionnaire-2hmd,,57255783,BLINDED,16366581,,complete,,,mobile,Xiaomi 2312DRAABG,Android 14,Facebook 569.0.0.44.91,393x873,392x743,,,0,Kwestionariusz poczatkowy,11,CondWith,continue,,,,,info,,END,,7093,,,,,
1,1784219771606,16/07/2026 16:36:11,1784219771606,2,16/07/2026 18:36:11,273725,7,questionnaire-2hmd,,57256526,BLINDED,16366776,,complete,,,mobile,undefined K,Android 10,Chrome 149.0.0.0,486x1079,485x929,,,0,Kwestionariusz poczatkowy,11,CondWith,continue,,,,,info,,BEGIN,,,,,,,
5,1784219778322,16/07/2026 16:36:18,1784219778322,2,16/07/2026 18:36:18,273725,7,questionnaire-2hmd,,57256526,BLINDED,16366776,,complete,,,mobile,undefined K,Android 10,Chrome 149.0.0.0,486x1079,485x929,,,0,Kwestionariusz poczatkowy,11,CondWith,continue,Page 1,1cnehp,1,**Czy masz ukończone 18 lat i wyrażasz zgodę na udział w badaniu?**,response,value,TAK,,,TAK|NIE,consent,2,object-5,TAK
6,1784219778322,16/07/2026 16:36:18,1784219778322,2,16/07/2026 18:36:18,273725,7,questionnaire-2hmd,,57256526,BLINDED,16366776,,complete,,,mobile,undefined K,Android 10,Chrome 149.0.0.0,486x1079,485x929,,,0,Kwestionariusz poczatkowy,11,CondWith,continue,Page 1,1cnehp,1,**Czy masz ukończone 18 lat i wyrażasz zgodę na udział w badaniu?**,response,quantised,1,,,TAK|NIE,consent,2,object-5,TAK
7,1784219778323,16/07/2026 16:36:18,1784219778323,2,16/07/2026 18:36:18,273725,7,questionnaire-2hmd,,57256526,BLINDED,16366776,,complete,,,mobile,undefined K,Android 10,Chrome 149.0.0.0,486x1079,485x929,,,0,Kwestionariusz poczatkowy,11,CondWith,continue,,,,,info,,END,,6638,,,,,
8,1784219779846,16/07/2026 16:36:19,1784219779846,2,16/07/2026 18:36:19,273725,7,questionnaire-2hmd,,57256526,BLINDED,16366776,,complete,,,mobile,undefined K,Android 10,Chrome 149.0.0.0,486x1079,485x929,,,0,Kwestionariusz poczatkowy,11,CondWith,continue,,,,,info,,TAB_HIDDEN,,,,,,,
1,1784223770416,16/07/2026 17:42:50,1784223770416,2,16/07/2026 19:42:50,273725,7,questionnaire-2hmd,,57257671,BLINDED,16367069,,complete,,,mobile,Xiaomi 2201116SG,Android 13,Facebook 569.0.0.44.91,393x873,392x744,,,0,Kwestionariusz poczatkowy,11,CondWith,continue,,,,,info,,BEGIN,,,,,,,
5,1784223792976,16/07/2026 17:43:12,1784223792976,2,16/07/2026 19:43:12,273725,7,questionnaire-2hmd,,57257671,BLINDED,16367069,,complete,,,mobile,Xiaomi 2201116SG,Android 13,Facebook 569.0.0.44.91,393x873,392x744,,,0,Kwestionariusz poczatkowy,11,CondWith,continue,Page 1,1cnehp,1,**Czy masz ukończone 18 lat i wyrażasz zgodę na udział w badaniu?**,response,value,TAK,,,TAK|NIE,consent,2,object-5,TAK
6,1784223792977,16/07/2026 17:43:12,1784223792977,2,16/07/2026 19:43:12,273725,7,questionnaire-2hmd,,57257671,BLINDED,16367069,,complete,,,mobile,Xiaomi 2201116SG,Android 13,Facebook 569.0.0.44.91,393x873,392x744,,,0,Kwestionariusz poczatkowy,11,CondWith,continue,Page 1,1cnehp,1,**Czy masz ukończone 18 lat i wyrażasz zgodę na udział w badaniu?**,response,quantised,1,,,TAK|NIE,consent,2,object-5,TAK
7,1784223792978,16/07/2026 17:43:12,1784223792978,2,16/07/2026 19:43:12,273725,7,questionnaire-2hmd,,57257671,BLINDED,16367069,,complete,,,mobile,Xiaomi 2201116SG,Android 13,Facebook 569.0.0.44.91,393x873,392x744,,,0,Kwestionariusz poczatkowy,11,CondWith,continue,,,,,info,,END,,22473,,,,,
8,1784223794173,16/07/2026 17:43:14,1784223794173,2,16/07/2026 19:43:14,273725,7,questionnaire-2hmd,,57257671,BLINDED,16367069,,complete,,,mobile,Xiaomi 2201116SG,Android 13,Facebook 569.0.0.44.91,393x873,392x744,,,0,Kwestionariusz poczatkowy,11,CondWith,continue,,,,,info,,TAB_HIDDEN,,,,,,,
END OF FILE,,,,,,,,,,,,,,,,,,,,,,,,,,,,,,,,,,,,,,,,,,,
